id	publication_id	item_pk	type	status	unavailable_reason_code	deleted_reason_code	order	repost	promotion_source_id	created_date	eligibility_date	published_date	created_by	modified_date	modified_by	id	note_id	anchor_type	anchor_id	concatenated_anchor
12_1000_1509949620_14232470	403523	f_8203143	14	3	NULL	NULL	4470000	1	NULL	2017-11-06 01:27:00	2017-11-06 01:27:00	NULL	f_26513	2017-11-07 18:20:04	6083842	21196901	12215491	12	12_1000_1509949620_14232470	ITEM_LISTING-12_1000_1509949620_14232470
12_1025_1509740303_521660	403523	f_7760773	14	3	NULL	NULL	3690000	0	NULL	2017-11-03 16:18:23	2017-11-03 16:18:22	NULL	0	2017-11-07 18:20:04	6083842	21196081	12214841	12	12_1025_1509740303_521660	ITEM_LISTING-12_1025_1509740303_521660
12_1039_1509802692_4595040	403523	f_8433843	14	3	NULL	NULL	152870000	1	NULL	2017-11-04 09:38:12	2017-11-04 09:38:12	NULL	f_26693	2017-11-07 18:20:04	6083842	21190741	12210561	12	12_1039_1509802692_4595040	ITEM_LISTING-12_1039_1509802692_4595040
12_1039_1509802692_4595040	403523	f_8433843	14	3	NULL	NULL	152870000	1	NULL	2017-11-04 09:38:12	2017-11-04 09:38:12	NULL	f_26693	2017-11-07 18:20:04	6083842	21221531	12230721	12	12_1039_1509802692_4595040	ITEM_LISTING-12_1039_1509802692_4595040
12_1045_1509742011_611410	403523	f_8066683	14	3	NULL	NULL	2430000	0	NULL	2017-11-03 16:46:51	2017-11-03 16:46:51	NULL	0	2017-11-07 18:20:04	6083842	21197501	12215941	12	12_1045_1509742011_611410	ITEM_LISTING-12_1045_1509742011_611410
12_1068_1509745997_24660	403523	f_8937243	14	3	NULL	NULL	152960000	0	NULL	2017-11-03 17:53:17	2017-11-03 17:53:16	NULL	0	2017-11-07 18:20:04	6083842	21197661	12216081	12	12_1068_1509745997_24660	ITEM_LISTING-12_1068_1509745997_24660
12_1068_1509745997_24660	403523	f_8937243	14	3	NULL	NULL	152960000	0	NULL	2017-11-03 17:53:17	2017-11-03 17:53:16	NULL	0	2017-11-07 18:20:04	6083842	21221581	12230771	12	12_1068_1509745997_24660	ITEM_LISTING-12_1068_1509745997_24660
12_1078_1509734755_200460	403523	f_5999383	14	3	NULL	NULL	2350000	0	NULL	2017-11-03 14:45:55	2017-11-03 14:45:54	NULL	0	2017-11-07 18:20:04	6083842	21205821	12221221	12	12_1078_1509734755_200460	ITEM_LISTING-12_1078_1509734755_200460
12_1081_1509981479_18236970	403523	f_8769083	14	3	NULL	NULL	152530000	1	NULL	2017-11-06 10:17:59	2017-11-06 10:17:59	NULL	f_23153	2017-11-07 18:20:04	6083842	21194891	12213851	12	12_1081_1509981479_18236970	ITEM_LISTING-12_1081_1509981479_18236970
12_1107_1509846330_8106360	403523	f_7805603	14	3	NULL	NULL	5840000	1	NULL	2017-11-04 21:45:30	2017-11-04 21:45:29	NULL	f_28053	2017-11-07 18:20:04	6083842	21195271	12214181	12	12_1107_1509846330_8106360	ITEM_LISTING-12_1107_1509846330_8106360
12_1111_1509934219_13440140	403523	f_8987531	14	3	NULL	NULL	4160000	0	NULL	2017-11-05 21:10:19	2017-11-05 21:10:19	NULL	f_26333	2017-11-07 18:20:04	6083842	21204841	12220711	12	12_1111_1509934219_13440140	ITEM_LISTING-12_1111_1509934219_13440140
12_1143_1509928248_13061260	403523	f_7867773	14	3	NULL	NULL	152740000	1	NULL	2017-11-05 19:30:48	2017-11-05 19:30:48	NULL	f_28063	2017-11-07 18:20:04	6083842	21195021	12213971	12	12_1143_1509928248_13061260	ITEM_LISTING-12_1143_1509928248_13061260
12_1143_1509928248_13061260	403523	f_7867773	14	3	NULL	NULL	152740000	1	NULL	2017-11-05 19:30:48	2017-11-05 19:30:48	NULL	f_28063	2017-11-07 18:20:04	6083842	21221301	12230561	12	12_1143_1509928248_13061260	ITEM_LISTING-12_1143_1509928248_13061260
12_1154_1509660946_326900	403523	f_6094153	14	3	NULL	NULL	2020000	1	NULL	2017-11-02 18:15:46	2017-11-02 18:15:46	NULL	1748460	2017-11-07 18:20:04	6083842	21199771	12217671	12	12_1154_1509660946_326900	ITEM_LISTING-12_1154_1509660946_326900
12_1163_1509655576_36480	403523	f_7247543	14	3	NULL	NULL	3390000	1	NULL	2017-11-02 16:46:16	2017-11-02 16:46:15	NULL	1748460	2017-11-07 18:20:04	6083842	21206071	12221421	12	12_1163_1509655576_36480	ITEM_LISTING-12_1163_1509655576_36480
12_1205_1509992810_887610	403523	f_7263013	14	3	NULL	NULL	4510000	1	NULL	2017-11-06 13:26:50	2017-11-06 13:26:49	NULL	f_19843	2017-11-07 18:20:04	6083842	21220091	12229671	12	12_1205_1509992810_887610	ITEM_LISTING-12_1205_1509992810_887610
12_1216_1509734986_210550	403523	f_6158903	14	3	NULL	NULL	6420000	0	NULL	2017-11-03 14:49:46	2017-11-03 14:49:46	NULL	0	2017-11-07 18:20:04	6083842	21197811	12216221	12	12_1216_1509734986_210550	ITEM_LISTING-12_1216_1509734986_210550
12_1236_1509732341_95910	403523	f_4299063	14	3	NULL	NULL	4150000	0	NULL	2017-11-03 14:05:41	2017-11-03 14:05:40	NULL	0	2017-11-07 18:20:04	6083842	21198941	12217051	12	12_1236_1509732341_95910	ITEM_LISTING-12_1236_1509732341_95910
12_1241_1509949620_14232350	403523	f_7401843	14	3	NULL	NULL	6160000	1	NULL	2017-11-06 01:27:00	2017-11-06 01:26:59	NULL	f_26513	2017-11-07 18:20:04	6083842	21196851	12215451	12	12_1241_1509949620_14232350	ITEM_LISTING-12_1241_1509949620_14232350
12_1247_1509739022_442190	403523	f_7550083	14	3	NULL	NULL	2382499	0	NULL	2017-11-03 15:57:02	2017-11-03 15:57:01	NULL	0	2017-11-07 18:20:04	6083842	21191541	12211211	12	12_1247_1509739022_442190	ITEM_LISTING-12_1247_1509739022_442190
12_1266_1509996633_2244900	403523	f_7028133	14	3	NULL	NULL	152170000	1	NULL	2017-11-06 14:30:33	2017-11-06 14:30:32	NULL	10881443	2017-11-07 18:20:04	6083842	21219841	12229501	12	12_1266_1509996633_2244900	ITEM_LISTING-12_1266_1509996633_2244900
12_1266_1509996633_2244900	403523	f_7028133	14	3	NULL	NULL	152170000	1	NULL	2017-11-06 14:30:33	2017-11-06 14:30:32	NULL	10881443	2017-11-07 18:20:04	6083842	21220851	12230181	12	12_1266_1509996633_2244900	ITEM_LISTING-12_1266_1509996633_2244900
12_1271_1509736546_281920	403523	f_6957893	14	3	NULL	NULL	3030000	0	NULL	2017-11-03 15:15:46	2017-11-03 15:15:45	NULL	0	2017-11-07 18:20:04	6083842	21198291	12216551	12	12_1271_1509736546_281920	ITEM_LISTING-12_1271_1509736546_281920
12_1283_1509949617_14275600	403523	f_8213203	14	3	NULL	NULL	4690000	1	NULL	2017-11-06 01:26:57	2017-11-06 01:26:57	NULL	f_26513	2017-11-07 18:20:04	6083842	21196971	12215561	12	12_1283_1509949617_14275600	ITEM_LISTING-12_1283_1509949617_14275600
12_1289_1509807489_70970	403523	f_5920453	14	3	NULL	NULL	4660000	0	NULL	2017-11-04 10:58:09	2017-11-04 10:58:09	NULL	0	2017-11-07 18:20:04	6083842	21204131	12220201	12	12_1289_1509807489_70970	ITEM_LISTING-12_1289_1509807489_70970
12_1308_1509729025_254850	403523	f_429030	14	3	NULL	NULL	153600000	0	NULL	2017-11-03 13:10:25	2017-11-03 13:10:24	NULL	1748460	2017-11-07 18:20:04	6083842	21201411	12218731	12	12_1308_1509729025_254850	ITEM_LISTING-12_1308_1509729025_254850
12_1308_1509729025_254850	403523	f_429030	14	3	NULL	NULL	153600000	0	NULL	2017-11-03 13:10:25	2017-11-03 13:10:24	NULL	1748460	2017-11-07 18:20:04	6083842	21222211	12231271	12	12_1308_1509729025_254850	ITEM_LISTING-12_1308_1509729025_254850
12_1314_1509949698_14280290	403523	f_7263233	14	3	NULL	NULL	152700000	1	NULL	2017-11-06 01:28:18	2017-11-06 01:28:17	NULL	f_26513	2017-11-07 18:20:04	6083842	21196691	12215331	12	12_1314_1509949698_14280290	ITEM_LISTING-12_1314_1509949698_14280290
12_1317_1509743425_685800	403523	f_8382893	14	3	NULL	NULL	153060000	0	NULL	2017-11-03 17:10:25	2017-11-03 17:10:24	NULL	0	2017-11-07 18:20:04	6083842	21197731	12216151	12	12_1317_1509743425_685800	ITEM_LISTING-12_1317_1509743425_685800
12_1317_1509743425_685800	403523	f_8382893	14	3	NULL	NULL	153060000	0	NULL	2017-11-03 17:10:25	2017-11-03 17:10:24	NULL	0	2017-11-07 18:20:04	6083842	21221651	12230841	12	12_1317_1509743425_685800	ITEM_LISTING-12_1317_1509743425_685800
12_1332_1509992809_944600	403523	f_7262863	14	3	NULL	NULL	152350000	1	NULL	2017-11-06 13:26:49	2017-11-06 13:26:48	NULL	f_19843	2017-11-07 18:20:04	6083842	21220101	12229681	12	12_1332_1509992809_944600	ITEM_LISTING-12_1332_1509992809_944600
12_1332_1509992809_944600	403523	f_7262863	14	3	NULL	NULL	152350000	1	NULL	2017-11-06 13:26:49	2017-11-06 13:26:48	NULL	f_19843	2017-11-07 18:20:04	6083842	21220991	12230301	12	12_1332_1509992809_944600	ITEM_LISTING-12_1332_1509992809_944600
12_1333_1509980111_17910710	403523	f_5055043	14	3	NULL	NULL	152580000	1	NULL	2017-11-06 09:55:11	2017-11-06 09:55:11	NULL	f_19833	2017-11-07 18:20:04	6083842	21190231	12210111	12	12_1333_1509980111_17910710	ITEM_LISTING-12_1333_1509980111_17910710
12_1372_1509996694_2278010	403523	f_7285603	14	3	NULL	NULL	2400000	1	NULL	2017-11-06 14:31:34	2017-11-06 14:31:34	NULL	10881443	2017-11-07 18:20:04	6083842	21192271	12211771	12	12_1372_1509996694_2278010	ITEM_LISTING-12_1372_1509996694_2278010
12_138_1509982404_18438450	403523	f_8612333	14	3	NULL	NULL	4230000	1	NULL	2017-11-06 10:33:24	2017-11-06 10:33:24	NULL	f_24783	2017-11-07 18:20:04	6083842	21195671	12214501	12	12_138_1509982404_18438450	ITEM_LISTING-12_138_1509982404_18438450
12_1403_1509984127_18986920	403523	f_8397793	14	3	NULL	NULL	3570000	1	NULL	2017-11-06 11:02:07	2017-11-06 11:02:06	NULL	f_28753	2017-11-07 18:20:04	6083842	21195111	12214061	12	12_1403_1509984127_18986920	ITEM_LISTING-12_1403_1509984127_18986920
12_1423_1509984126_18986810	403523	f_8430023	14	3	NULL	NULL	5810000	1	NULL	2017-11-06 11:02:06	2017-11-06 11:02:06	NULL	f_28753	2017-11-07 18:20:04	6083842	21195211	12214121	12	12_1423_1509984126_18986810	ITEM_LISTING-12_1423_1509984126_18986810
12_1429_1509745871_18000	403523	f_8900933	14	3	NULL	NULL	152980000	0	NULL	2017-11-03 17:51:11	2017-11-03 17:51:10	NULL	0	2017-11-07 18:20:04	6083842	21203201	12219711	12	12_1429_1509745871_18000	ITEM_LISTING-12_1429_1509745871_18000
12_1436_1509980608_18085550	403523	f_5698943	14	3	NULL	NULL	5220000	1	NULL	2017-11-06 10:03:28	2017-11-06 10:03:27	NULL	f_10786	2017-11-07 18:20:04	6083842	21204771	12220651	12	12_1436_1509980608_18085550	ITEM_LISTING-12_1436_1509980608_18085550
12_1440_1509641795_35338570	403523	f_3293462	14	3	NULL	NULL	6390000	1	NULL	2017-11-02 12:56:35	2017-11-02 12:56:35	NULL	1748460	2017-11-07 18:20:04	6083842	21197831	12216241	12	12_1440_1509641795_35338570	ITEM_LISTING-12_1440_1509641795_35338570
12_1457_1509742299_626380	403523	f_8123193	14	3	NULL	NULL	153080000	0	NULL	2017-11-03 16:51:39	2017-11-03 16:51:39	NULL	0	2017-11-07 18:20:04	6083842	21188421	12208581	12	12_1457_1509742299_626380	ITEM_LISTING-12_1457_1509742299_626380
12_1458_1509736197_265630	403523	f_6854573	14	3	NULL	NULL	5190000	0	NULL	2017-11-03 15:09:57	2017-11-03 15:09:57	NULL	0	2017-11-07 18:20:04	6083842	21198311	12216571	12	12_1458_1509736197_265630	ITEM_LISTING-12_1458_1509736197_265630
12_145_1509807524_72690	403523	f_6842263	14	3	NULL	NULL	3050000	0	NULL	2017-11-04 10:58:44	2017-11-04 10:58:43	NULL	0	2017-11-07 18:20:04	6083842	21203981	12220121	12	12_145_1509807524_72690	ITEM_LISTING-12_145_1509807524_72690
12_1463_1509743653_697340	403523	f_8421163	14	3	NULL	NULL	4760000	0	NULL	2017-11-03 17:14:13	2017-11-03 17:14:13	NULL	0	2017-11-07 18:20:04	6083842	21224091	12232591	12	12_1463_1509743653_697340	ITEM_LISTING-12_1463_1509743653_697340
12_1505_1509552566_30338920	403523	f_8937833	14	3	NULL	NULL	153910000	0	NULL	2017-11-01 12:09:26	2017-11-01 12:09:26	NULL	f_31003	2017-11-07 18:20:04	6083842	21194081	12213281	12	12_1505_1509552566_30338920	ITEM_LISTING-12_1505_1509552566_30338920
12_1506_1509846329_8106340	403523	f_7805573	14	3	NULL	NULL	3190000	1	NULL	2017-11-04 21:45:29	2017-11-04 21:45:29	NULL	f_28053	2017-11-07 18:20:04	6083842	21195301	12214211	12	12_1506_1509846329_8106340	ITEM_LISTING-12_1506_1509846329_8106340
12_1513_1509995978_1962990	403523	f_5312933	14	3	NULL	NULL	2089983	1	NULL	2017-11-06 14:19:38	2017-11-06 14:19:37	NULL	10881443	2017-11-07 18:20:04	6083842	21191131	12210881	12	12_1513_1509995978_1962990	ITEM_LISTING-12_1513_1509995978_1962990
12_1519_1509990808_245300	403523	f_2092322	14	3	NULL	NULL	6270000	1	NULL	2017-11-06 12:53:28	2017-11-06 12:53:28	NULL	f_12212	2017-11-07 18:20:04	6083842	21219141	12229131	12	12_1519_1509990808_245300	ITEM_LISTING-12_1519_1509990808_245300
12_1525_1509994312_1416700	403523	f_6828253	14	3	NULL	NULL	152330000	1	NULL	2017-11-06 13:51:52	2017-11-06 13:51:52	NULL	f_23953	2017-11-07 18:20:04	6083842	21220171	12229741	12	12_1525_1509994312_1416700	ITEM_LISTING-12_1525_1509994312_1416700
12_1525_1509994312_1416700	403523	f_6828253	14	3	NULL	NULL	152330000	1	NULL	2017-11-06 13:51:52	2017-11-06 13:51:52	NULL	f_23953	2017-11-07 18:20:04	6083842	21220971	12230281	12	12_1525_1509994312_1416700	ITEM_LISTING-12_1525_1509994312_1416700
12_153_1509982383_18436290	403523	f_6370393	14	3	NULL	NULL	3420000	1	NULL	2017-11-06 10:33:03	2017-11-06 10:33:03	NULL	f_24783	2017-11-07 18:20:04	6083842	21195711	12214541	12	12_153_1509982383_18436290	ITEM_LISTING-12_153_1509982383_18436290
12_1551_1509996632_2244880	403523	f_6999083	14	3	NULL	NULL	4350000	1	NULL	2017-11-06 14:30:32	2017-11-06 14:30:32	NULL	10881443	2017-11-07 18:20:04	6083842	21219851	12229511	12	12_1551_1509996632_2244880	ITEM_LISTING-12_1551_1509996632_2244880
12_1562_1509846330_8145470	403523	f_7805593	14	3	NULL	NULL	5830000	1	NULL	2017-11-04 21:45:30	2017-11-04 21:45:30	NULL	f_28053	2017-11-07 18:20:04	6083842	21195261	12214171	12	12_1562_1509846330_8145470	ITEM_LISTING-12_1562_1509846330_8145470
12_15_1509891411_9704070	403523	f_6769173	14	3	NULL	NULL	3750000	1	NULL	2017-11-05 09:16:51	2017-11-05 09:16:51	NULL	f_21493	2017-11-07 18:20:04	6083842	21194431	12213521	12	12_15_1509891411_9704070	ITEM_LISTING-12_15_1509891411_9704070
12_1603_1509984126_18931190	403523	f_8398383	14	3	NULL	NULL	152470000	1	NULL	2017-11-06 11:02:06	2017-11-06 11:02:05	NULL	f_28753	2017-11-07 18:20:04	6083842	21195131	12214081	12	12_1603_1509984126_18931190	ITEM_LISTING-12_1603_1509984126_18931190
12_1603_1509984126_18931190	403523	f_8398383	14	3	NULL	NULL	152470000	1	NULL	2017-11-06 11:02:06	2017-11-06 11:02:05	NULL	f_28753	2017-11-07 18:20:04	6083842	21221111	12230411	12	12_1603_1509984126_18931190	ITEM_LISTING-12_1603_1509984126_18931190
12_1616_1509733985_167900	403523	f_5601743	14	3	NULL	NULL	4370000	0	NULL	2017-11-03 14:33:05	2017-11-03 14:33:05	NULL	0	2017-11-07 18:20:04	6083842	21190461	12210341	12	12_1616_1509733985_167900	ITEM_LISTING-12_1616_1509733985_167900
12_1659_1509985091_19266750	403523	f_7785993	14	3	NULL	NULL	2580000	1	NULL	2017-11-06 11:18:11	2017-11-06 11:18:10	NULL	f_25743	2017-11-07 18:20:04	6083842	21194321	12213411	12	12_1659_1509985091_19266750	ITEM_LISTING-12_1659_1509985091_19266750
12_165_1509744460_737810	403523	f_8621243	14	3	NULL	NULL	5060000	0	NULL	2017-11-03 17:27:40	2017-11-03 17:27:40	NULL	0	2017-11-07 18:20:04	6083842	21193071	12212401	12	12_165_1509744460_737810	ITEM_LISTING-12_165_1509744460_737810
12_1666_1509724368_3341400	403523	f_8963803	14	3	NULL	NULL	3840000	0	NULL	2017-11-03 11:52:48	2017-11-03 11:52:48	NULL	f_17062	2017-11-07 18:20:04	6083842	21203901	12220091	12	12_1666_1509724368_3341400	ITEM_LISTING-12_1666_1509724368_3341400
12_1672_1509730841_30560	403523	f_2108043	14	3	NULL	NULL	153560000	0	NULL	2017-11-03 13:40:41	2017-11-03 13:40:40	NULL	0	2017-11-07 18:20:04	6083842	21207101	12222131	12	12_1672_1509730841_30560	ITEM_LISTING-12_1672_1509730841_30560
12_1700_1509793081_4066010	403523	f_8972391	14	3	NULL	NULL	152880000	0	NULL	2017-11-04 06:58:01	2017-11-04 06:58:01	NULL	f_17062	2017-11-07 18:20:04	6083842	21194541	12213621	12	12_1700_1509793081_4066010	ITEM_LISTING-12_1700_1509793081_4066010
12_1700_1509793081_4066010	403523	f_8972391	14	3	NULL	NULL	152880000	0	NULL	2017-11-04 06:58:01	2017-11-04 06:58:01	NULL	f_17062	2017-11-07 18:20:04	6083842	21221541	12230731	12	12_1700_1509793081_4066010	ITEM_LISTING-12_1700_1509793081_4066010
12_1730_1509970211_16049960	403523	f_8528943	14	3	NULL	NULL	5070000	1	NULL	2017-11-06 07:10:11	2017-11-06 07:10:11	NULL	f_28703	2017-11-07 18:20:04	6083842	21193751	12212981	12	12_1730_1509970211_16049960	ITEM_LISTING-12_1730_1509970211_16049960
12_1745_1509754368_3325300	403523	f_8970831	14	3	NULL	NULL	152900000	0	NULL	2017-11-03 20:12:48	2017-11-03 20:12:48	NULL	f_8295	2017-11-07 18:20:04	6083842	21201441	12218761	12	12_1745_1509754368_3325300	ITEM_LISTING-12_1745_1509754368_3325300
12_1745_1509754368_3325300	403523	f_8970831	14	3	NULL	NULL	152900000	0	NULL	2017-11-03 20:12:48	2017-11-03 20:12:48	NULL	f_8295	2017-11-07 18:20:04	6083842	21221561	12230751	12	12_1745_1509754368_3325300	ITEM_LISTING-12_1745_1509754368_3325300
12_1760_1509949620_14232510	403523	f_8922733	14	3	NULL	NULL	5530000	1	NULL	2017-11-06 01:27:00	2017-11-06 01:27:00	NULL	f_26513	2017-11-07 18:20:04	6083842	21196841	12215441	12	12_1760_1509949620_14232510	ITEM_LISTING-12_1760_1509949620_14232510
12_1800_1509997023_2538140	403523	f_2994432	14	3	NULL	NULL	2710000	1	NULL	2017-11-06 14:37:03	2017-11-06 14:37:03	NULL	10881443	2017-11-07 18:20:04	6083842	21193471	12212731	12	12_1800_1509997023_2538140	ITEM_LISTING-12_1800_1509997023_2538140
12_1806_1509995694_1938920	403523	f_8926063	14	3	NULL	NULL	152270000	1	NULL	2017-11-06 14:14:54	2017-11-06 14:14:53	NULL	f_30623	2017-11-07 18:20:04	6083842	21190471	12210351	12	12_1806_1509995694_1938920	ITEM_LISTING-12_1806_1509995694_1938920
12_1808_1509997022_2536300	403523	f_2985952	14	3	NULL	NULL	152110000	1	NULL	2017-11-06 14:37:02	2017-11-06 14:37:01	NULL	10881443	2017-11-07 18:20:04	6083842	21193481	12212741	12	12_1808_1509997022_2536300	ITEM_LISTING-12_1808_1509997022_2536300
12_1808_1509997022_2536300	403523	f_2985952	14	3	NULL	NULL	152110000	1	NULL	2017-11-06 14:37:02	2017-11-06 14:37:01	NULL	10881443	2017-11-07 18:20:04	6083842	21220731	12230071	12	12_1808_1509997022_2536300	ITEM_LISTING-12_1808_1509997022_2536300
12_1810_1509745960_22760	403523	f_8929543	14	3	NULL	NULL	152970000	0	NULL	2017-11-03 17:52:40	2017-11-03 17:52:40	NULL	0	2017-11-07 18:20:04	6083842	21218751	12228871	12	12_1810_1509745960_22760	ITEM_LISTING-12_1810_1509745960_22760
12_1810_1509745960_22760	403523	f_8929543	14	3	NULL	NULL	152970000	0	NULL	2017-11-03 17:52:40	2017-11-03 17:52:40	NULL	0	2017-11-07 18:20:04	6083842	21221591	12230781	12	12_1810_1509745960_22760	ITEM_LISTING-12_1810_1509745960_22760
12_1832_1509742555_639980	403523	f_8178413	14	3	NULL	NULL	4820000	0	NULL	2017-11-03 16:55:55	2017-11-03 16:55:55	NULL	0	2017-11-07 18:20:04	6083842	21190341	12210221	12	12_1832_1509742555_639980	ITEM_LISTING-12_1832_1509742555_639980
12_1842_1509644121_36219020	403523	f_6195263	14	3	NULL	NULL	2960000	1	NULL	2017-11-02 13:35:21	2017-11-02 13:35:21	NULL	1748460	2017-11-07 18:20:04	6083842	21196601	12215261	12	12_1842_1509644121_36219020	ITEM_LISTING-12_1842_1509644121_36219020
12_1847_1509997025_2470990	403523	f_6386473	14	3	NULL	NULL	3720000	0	NULL	2017-11-06 14:37:05	2017-11-06 14:37:05	NULL	10881443	2017-11-07 18:20:04	6083842	21193341	12212651	12	12_1847_1509997025_2470990	ITEM_LISTING-12_1847_1509997025_2470990
12_185_1509734854_204790	403523	f_6064833	14	3	NULL	NULL	5290000	0	NULL	2017-11-03 14:47:34	2017-11-03 14:47:34	NULL	0	2017-11-07 18:20:04	6083842	21202111	12219181	12	12_185_1509734854_204790	ITEM_LISTING-12_185_1509734854_204790
12_1867_1509980420_18007220	403523	f_7464603	14	3	NULL	NULL	152550000	1	NULL	2017-11-06 10:00:20	2017-11-06 10:00:19	NULL	f_23153	2017-11-07 18:20:04	6083842	21220241	12229791	12	12_1867_1509980420_18007220	ITEM_LISTING-12_1867_1509980420_18007220
12_1894_1509735023_212030	403523	f_6184353	14	3	NULL	NULL	5260000	0	NULL	2017-11-03 14:50:23	2017-11-03 14:50:23	NULL	0	2017-11-07 18:20:04	6083842	21202011	12219081	12	12_1894_1509735023_212030	ITEM_LISTING-12_1894_1509735023_212030
12_1895_1509928247_13028630	403523	f_7818623	14	3	NULL	NULL	2830000	1	NULL	2017-11-05 19:30:47	2017-11-05 19:30:47	NULL	f_28063	2017-11-07 18:20:04	6083842	21195071	12214021	12	12_1895_1509928247_13028630	ITEM_LISTING-12_1895_1509928247_13028630
12_1898_1509659309_247490	403523	f_3824112	14	3	NULL	NULL	153770000	1	NULL	2017-11-02 17:48:29	2017-11-02 17:48:29	NULL	1748460	2017-11-07 18:20:04	6083842	21196171	12214931	12	12_1898_1509659309_247490	ITEM_LISTING-12_1898_1509659309_247490
12_1898_1509659309_247490	403523	f_3824112	14	3	NULL	NULL	153770000	1	NULL	2017-11-02 17:48:29	2017-11-02 17:48:29	NULL	1748460	2017-11-07 18:20:04	6083842	21222451	12231421	12	12_1898_1509659309_247490	ITEM_LISTING-12_1898_1509659309_247490
12_1907_1509734965_209610	403523	f_6128143	14	3	NULL	NULL	5520000	0	NULL	2017-11-03 14:49:25	2017-11-03 14:49:24	NULL	0	2017-11-07 18:20:04	6083842	21204201	12220261	12	12_1907_1509734965_209610	ITEM_LISTING-12_1907_1509734965_209610
12_1929_1509730224_15050	403523	f_1133066	14	3	NULL	NULL	6230000	0	NULL	2017-11-03 13:30:24	2017-11-03 13:30:23	NULL	0	2017-11-07 18:20:04	6083842	21197601	12216041	12	12_1929_1509730224_15050	ITEM_LISTING-12_1929_1509730224_15050
12_1929_1509992678_907220	403523	f_8598243	14	3	NULL	NULL	6330000	1	NULL	2017-11-06 13:24:38	2017-11-06 13:24:38	NULL	f_29653	2017-11-07 18:20:04	6083842	21218661	12228811	12	12_1929_1509992678_907220	ITEM_LISTING-12_1929_1509992678_907220
12_1970_1509949621_14277340	403523	f_7718193	14	3	NULL	NULL	3130000	1	NULL	2017-11-06 01:27:01	2017-11-06 01:27:01	NULL	f_26513	2017-11-07 18:20:04	6083842	21196771	12215371	12	12_1970_1509949621_14277340	ITEM_LISTING-12_1970_1509949621_14277340
12_1973_1509742479_636030	403523	f_8165633	14	3	NULL	NULL	153070000	0	NULL	2017-11-03 16:54:39	2017-11-03 16:54:39	NULL	0	2017-11-07 18:20:04	6083842	21195951	12214721	12	12_1973_1509742479_636030	ITEM_LISTING-12_1973_1509742479_636030
12_1973_1509742479_636030	403523	f_8165633	14	3	NULL	NULL	153070000	0	NULL	2017-11-03 16:54:39	2017-11-03 16:54:39	NULL	0	2017-11-07 18:20:04	6083842	21221661	12230851	12	12_1973_1509742479_636030	ITEM_LISTING-12_1973_1509742479_636030
12_1994_1509996368_2117510	403523	f_6492703	14	3	NULL	NULL	152220000	1	NULL	2017-11-06 14:26:08	2017-11-06 14:26:08	NULL	10881443	2017-11-07 18:20:04	6083842	21191761	12211411	12	12_1994_1509996368_2117510	ITEM_LISTING-12_1994_1509996368_2117510
12_1994_1509996368_2117510	403523	f_6492703	14	3	NULL	NULL	152220000	1	NULL	2017-11-06 14:26:08	2017-11-06 14:26:08	NULL	10881443	2017-11-07 18:20:04	6083842	21220891	12230221	12	12_1994_1509996368_2117510	ITEM_LISTING-12_1994_1509996368_2117510
12_1999_1509974657_16720880	403523	f_8358363	14	3	NULL	NULL	152620000	1	NULL	2017-11-06 08:24:17	2017-11-06 08:24:17	NULL	f_25553	2017-11-07 18:20:04	6083842	21194961	12213921	12	12_1999_1509974657_16720880	ITEM_LISTING-12_1999_1509974657_16720880
12_199_1509997640_2773510	403523	f_9003031	14	3	NULL	NULL	152080000	0	NULL	2017-11-06 14:47:20	2017-11-06 14:47:19	NULL	f_10356	2017-11-07 18:20:04	6083842	21194211	12213371	12	12_199_1509997640_2773510	ITEM_LISTING-12_199_1509997640_2773510
12_199_1509997640_2773510	403523	f_9003031	14	3	NULL	NULL	152080000	0	NULL	2017-11-06 14:47:20	2017-11-06 14:47:19	NULL	f_10356	2017-11-07 18:20:04	6083842	21220711	12230051	12	12_199_1509997640_2773510	ITEM_LISTING-12_199_1509997640_2773510
12_2027_1509967856_15783570	403523	f_8964693	14	3	NULL	NULL	152640000	0	NULL	2017-11-06 06:30:56	2017-11-06 06:30:56	NULL	f_18693	2017-11-07 18:20:04	6083842	21201201	12218551	12	12_2027_1509967856_15783570	ITEM_LISTING-12_2027_1509967856_15783570
12_2029_1509995107_1658940	403523	f_7853633	14	3	NULL	NULL	5150000	1	NULL	2017-11-06 14:05:07	2017-11-06 14:05:06	NULL	f_26773	2017-11-07 18:20:04	6083842	21188861	12208961	12	12_2029_1509995107_1658940	ITEM_LISTING-12_2029_1509995107_1658940
12_204_1509651658_37115660	403523	f_7021983	14	3	NULL	NULL	2304999	1	NULL	2017-11-02 15:40:58	2017-11-02 15:40:58	NULL	f_23633	2017-11-07 18:20:04	6083842	21191611	12211271	12	12_204_1509651658_37115660	ITEM_LISTING-12_204_1509651658_37115660
12_2099_1509457563_541000	403523	f_8183363	14	3	NULL	NULL	154000000	1	NULL	2017-10-31 09:46:03	2017-10-31 09:46:03	NULL	0	2017-11-07 18:20:04	6083842	21198951	12217061	12	12_2099_1509457563_541000	ITEM_LISTING-12_2099_1509457563_541000
12_2099_1509457563_541000	403523	f_8183363	14	3	NULL	NULL	154000000	1	NULL	2017-10-31 09:46:03	2017-10-31 09:46:03	NULL	0	2017-11-07 18:20:04	6083842	21222651	12231581	12	12_2099_1509457563_541000	ITEM_LISTING-12_2099_1509457563_541000
12_2100_1509651656_36553090	403523	f_7570213	14	3	NULL	NULL	153800000	1	NULL	2017-11-02 15:40:56	2017-11-02 15:40:56	NULL	f_23633	2017-11-07 18:20:04	6083842	21191641	12211301	12	12_2100_1509651656_36553090	ITEM_LISTING-12_2100_1509651656_36553090
12_2100_1509651656_36553090	403523	f_7570213	14	3	NULL	NULL	153800000	1	NULL	2017-11-02 15:40:56	2017-11-02 15:40:56	NULL	f_23633	2017-11-07 18:20:04	6083842	21222471	12231441	12	12_2100_1509651656_36553090	ITEM_LISTING-12_2100_1509651656_36553090
12_2101_1509738399_371480	403523	f_7424003	14	3	NULL	NULL	153250000	0	NULL	2017-11-03 15:46:39	2017-11-03 15:46:39	NULL	0	2017-11-07 18:20:04	6083842	21197561	12216001	12	12_2101_1509738399_371480	ITEM_LISTING-12_2101_1509738399_371480
12_2101_1509738399_371480	403523	f_7424003	14	3	NULL	NULL	153250000	0	NULL	2017-11-03 15:46:39	2017-11-03 15:46:39	NULL	0	2017-11-07 18:20:04	6083842	21221871	12230991	12	12_2101_1509738399_371480	ITEM_LISTING-12_2101_1509738399_371480
12_2121_1509928247_13028650	403523	f_7921493	14	3	NULL	NULL	2850000	1	NULL	2017-11-05 19:30:47	2017-11-05 19:30:47	NULL	f_28063	2017-11-07 18:20:04	6083842	21195041	12213991	12	12_2121_1509928247_13028650	ITEM_LISTING-12_2121_1509928247_13028650
12_2126_1509742473_635680	403523	f_8162823	14	3	NULL	NULL	5600000	0	NULL	2017-11-03 16:54:33	2017-11-03 16:54:32	NULL	0	2017-11-07 18:20:04	6083842	21195981	12214751	12	12_2126_1509742473_635680	ITEM_LISTING-12_2126_1509742473_635680
12_2161_1509998110_2974850	403523	f_9003181	14	3	NULL	NULL	152060000	0	NULL	2017-11-06 14:55:10	2017-11-06 14:55:10	NULL	f_31193	2017-11-07 18:20:04	6083842	21194681	12213721	12	12_2161_1509998110_2974850	ITEM_LISTING-12_2161_1509998110_2974850
12_2161_1509998110_2974850	403523	f_9003181	14	3	NULL	NULL	152060000	0	NULL	2017-11-06 14:55:10	2017-11-06 14:55:10	NULL	f_31193	2017-11-07 18:20:04	6083842	21220691	12230031	12	12_2161_1509998110_2974850	ITEM_LISTING-12_2161_1509998110_2974850
12_2191_1509744278_728520	403523	f_8577423	14	3	NULL	NULL	5270000	0	NULL	2017-11-03 17:24:38	2017-11-03 17:24:38	NULL	0	2017-11-07 18:20:04	6083842	21205231	12220921	12	12_2191_1509744278_728520	ITEM_LISTING-12_2191_1509744278_728520
12_2202_1509731723_68610	403523	f_3735352	14	3	NULL	NULL	4110000	0	NULL	2017-11-03 13:55:23	2017-11-03 13:55:22	NULL	0	2017-11-07 18:20:04	6083842	21193171	12212491	12	12_2202_1509731723_68610	ITEM_LISTING-12_2202_1509731723_68610
12_2206_1509722471_3107140	403523	f_7743933	14	3	NULL	NULL	3960000	1	NULL	2017-11-03 11:21:11	2017-11-03 11:21:11	NULL	f_27853	2017-11-07 18:20:04	6083842	21196371	12215081	12	12_2206_1509722471_3107140	ITEM_LISTING-12_2206_1509722471_3107140
12_2211_1509980324_18004610	403523	f_7859263	14	3	NULL	NULL	152570000	1	NULL	2017-11-06 09:58:44	2017-11-06 09:58:43	NULL	f_23153	2017-11-07 18:20:04	6083842	21188651	12208761	12	12_2211_1509980324_18004610	ITEM_LISTING-12_2211_1509980324_18004610
12_2211_1509980324_18004610	403523	f_7859263	14	3	NULL	NULL	152570000	1	NULL	2017-11-06 09:58:44	2017-11-06 09:58:43	NULL	f_23153	2017-11-07 18:20:04	6083842	21221161	12230461	12	12_2211_1509980324_18004610	ITEM_LISTING-12_2211_1509980324_18004610
12_2212_1509729026_255430	403523	f_3807502	14	3	NULL	NULL	3550000	1	NULL	2017-11-03 13:10:26	2017-11-03 13:10:25	NULL	1748460	2017-11-07 18:20:04	6083842	21201401	12218721	12	12_2212_1509729026_255430	ITEM_LISTING-12_2212_1509729026_255430
12_2257_1509644120_36218920	403523	f_6211083	14	3	NULL	NULL	4450000	1	NULL	2017-11-02 13:35:20	2017-11-02 13:35:20	NULL	1748460	2017-11-07 18:20:04	6083842	21190811	12210631	12	12_2257_1509644120_36218920	ITEM_LISTING-12_2257_1509644120_36218920
12_2257_1509744455_737500	403523	f_8621163	14	3	NULL	NULL	3700000	0	NULL	2017-11-03 17:27:35	2017-11-03 17:27:34	NULL	0	2017-11-07 18:20:04	6083842	21193121	12212441	12	12_2257_1509744455_737500	ITEM_LISTING-12_2257_1509744455_737500
12_227_1509619199_33240440	403523	f_7357673	14	3	NULL	NULL	4960000	1	NULL	2017-11-02 06:39:59	2017-11-02 06:39:59	NULL	f_12192	2017-11-07 18:20:04	6083842	21187581	12207951	12	12_227_1509619199_33240440	ITEM_LISTING-12_227_1509619199_33240440
12_2288_1509798929_4433820	403523	f_8973271	14	3	NULL	NULL	4580000	0	NULL	2017-11-04 08:35:29	2017-11-04 08:35:28	NULL	f_17062	2017-11-07 18:20:04	6083842	21194501	12213581	12	12_2288_1509798929_4433820	ITEM_LISTING-12_2288_1509798929_4433820
12_2294_1509744429_736200	403523	f_8610023	14	3	NULL	NULL	2900000	0	NULL	2017-11-03 17:27:09	2017-11-03 17:27:09	NULL	0	2017-11-07 18:20:04	6083842	21194551	12213631	12	12_2294_1509744429_736200	ITEM_LISTING-12_2294_1509744429_736200
12_2315_1509723202_3160420	403523	f_5979833	14	3	NULL	NULL	4300000	1	NULL	2017-11-03 11:33:22	2017-11-03 11:33:22	NULL	f_23283	2017-11-07 18:20:04	6083842	21219221	12229181	12	12_2315_1509723202_3160420	ITEM_LISTING-12_2315_1509723202_3160420
12_2321_1509593603_32698790	403523	f_7928573	14	3	NULL	NULL	153870000	0	NULL	2017-11-01 23:33:23	2017-11-01 23:33:22	NULL	f_27773	2017-11-07 18:20:04	6083842	21187621	12207981	12	12_2321_1509593603_32698790	ITEM_LISTING-12_2321_1509593603_32698790
12_2321_1509593603_32698790	403523	f_7928573	14	3	NULL	NULL	153870000	0	NULL	2017-11-01 23:33:23	2017-11-01 23:33:22	NULL	f_27773	2017-11-07 18:20:04	6083842	21222601	12231531	12	12_2321_1509593603_32698790	ITEM_LISTING-12_2321_1509593603_32698790
12_2377_1509991566_434490	403523	f_3412732	14	3	NULL	NULL	152360000	1	NULL	2017-11-06 13:06:06	2017-11-06 13:06:06	NULL	f_16392	2017-11-07 18:20:04	6083842	21204741	12220621	12	12_2377_1509991566_434490	ITEM_LISTING-12_2377_1509991566_434490
12_2377_1509991566_434490	403523	f_3412732	14	3	NULL	NULL	152360000	1	NULL	2017-11-06 13:06:06	2017-11-06 13:06:06	NULL	f_16392	2017-11-07 18:20:04	6083842	21221001	12230311	12	12_2377_1509991566_434490	ITEM_LISTING-12_2377_1509991566_434490
12_2378_1509746102_30040	403523	f_8958553	14	3	NULL	NULL	152940000	0	NULL	2017-11-03 17:55:02	2017-11-03 17:55:01	NULL	0	2017-11-07 18:20:04	6083842	21197121	12215671	12	12_2378_1509746102_30040	ITEM_LISTING-12_2378_1509746102_30040
12_2393_1509733180_132780	403523	f_5102143	14	3	NULL	NULL	153460000	0	NULL	2017-11-03 14:19:40	2017-11-03 14:19:40	NULL	0	2017-11-07 18:20:04	6083842	21197281	12215811	12	12_2393_1509733180_132780	ITEM_LISTING-12_2393_1509733180_132780
12_2398_1509996205_2113430	403523	f_6118243	14	3	NULL	NULL	5570000	1	NULL	2017-11-06 14:23:25	2017-11-06 14:23:25	NULL	10881443	2017-11-07 18:20:04	6083842	21192161	12211671	12	12_2398_1509996205_2113430	ITEM_LISTING-12_2398_1509996205_2113430
12_2416_1509737947_345180	403523	f_7332873	14	3	NULL	NULL	2920000	0	NULL	2017-11-03 15:39:07	2017-11-03 15:39:07	NULL	0	2017-11-07 18:20:04	6083842	21194561	12213641	12	12_2416_1509737947_345180	ITEM_LISTING-12_2416_1509737947_345180
12_2474_1509742481_636150	403523	f_8166033	14	3	NULL	NULL	5510000	0	NULL	2017-11-03 16:54:41	2017-11-03 16:54:40	NULL	0	2017-11-07 18:20:04	6083842	21195931	12214701	12	12_2474_1509742481_636150	ITEM_LISTING-12_2474_1509742481_636150
12_2482_1509736534_281370	403523	f_6955383	14	3	NULL	NULL	5720000	0	NULL	2017-11-03 15:15:34	2017-11-03 15:15:34	NULL	0	2017-11-07 18:20:04	6083842	21198301	12216561	12	12_2482_1509736534_281370	ITEM_LISTING-12_2482_1509736534_281370
12_2487_1509722470_3107080	403523	f_7704753	14	3	NULL	NULL	153690000	1	NULL	2017-11-03 11:21:10	2017-11-03 11:21:10	NULL	f_27853	2017-11-07 18:20:04	6083842	21196431	12215141	12	12_2487_1509722470_3107080	ITEM_LISTING-12_2487_1509722470_3107080
12_2487_1509722470_3107080	403523	f_7704753	14	3	NULL	NULL	153690000	1	NULL	2017-11-03 11:21:10	2017-11-03 11:21:10	NULL	f_27853	2017-11-07 18:20:04	6083842	21222341	12231341	12	12_2487_1509722470_3107080	ITEM_LISTING-12_2487_1509722470_3107080
12_2497_1509735538_235460	403523	f_6575493	14	3	NULL	NULL	4830000	0	NULL	2017-11-03 14:58:58	2017-11-03 14:58:58	NULL	0	2017-11-07 18:20:04	6083842	21190411	12210291	12	12_2497_1509735538_235460	ITEM_LISTING-12_2497_1509735538_235460
12_250_1509744459_737740	403523	f_8621223	14	3	NULL	NULL	153040000	0	NULL	2017-11-03 17:27:39	2017-11-03 17:27:38	NULL	0	2017-11-07 18:20:04	6083842	21193081	12212411	12	12_250_1509744459_737740	ITEM_LISTING-12_250_1509744459_737740
12_250_1509744459_737740	403523	f_8621223	14	3	NULL	NULL	153040000	0	NULL	2017-11-03 17:27:39	2017-11-03 17:27:38	NULL	0	2017-11-07 18:20:04	6083842	21221631	12230821	12	12_250_1509744459_737740	ITEM_LISTING-12_250_1509744459_737740
12_2559_1509995207_1694250	403523	f_1835252	14	3	NULL	NULL	152300000	1	NULL	2017-11-06 14:06:47	2017-11-06 14:06:47	NULL	f_10356	2017-11-07 18:20:04	6083842	21188781	12208881	12	12_2559_1509995207_1694250	ITEM_LISTING-12_2559_1509995207_1694250
12_2559_1509995207_1694250	403523	f_1835252	14	3	NULL	NULL	152300000	1	NULL	2017-11-06 14:06:47	2017-11-06 14:06:47	NULL	f_10356	2017-11-07 18:20:04	6083842	21220951	12230261	12	12_2559_1509995207_1694250	ITEM_LISTING-12_2559_1509995207_1694250
12_2565_1509967770_15775060	403523	f_8952823	14	3	NULL	NULL	5770000	0	NULL	2017-11-06 06:29:30	2017-11-06 06:29:29	NULL	f_18693	2017-11-07 18:20:04	6083842	21191471	12211141	12	12_2565_1509967770_15775060	ITEM_LISTING-12_2565_1509967770_15775060
12_2590_1509722471_3073870	403523	f_7743413	14	3	NULL	NULL	5580000	1	NULL	2017-11-03 11:21:11	2017-11-03 11:21:10	NULL	f_27853	2017-11-07 18:20:04	6083842	21196411	12215121	12	12_2590_1509722471_3073870	ITEM_LISTING-12_2590_1509722471_3073870
12_2592_1509730900_33080	403523	f_2355142	14	3	NULL	NULL	5440000	0	NULL	2017-11-03 13:41:40	2017-11-03 13:41:39	NULL	0	2017-11-07 18:20:04	6083842	21199741	12217651	12	12_2592_1509730900_33080	ITEM_LISTING-12_2592_1509730900_33080
12_2618_1509996365_2171170	403523	f_5906763	14	3	NULL	NULL	6380000	1	NULL	2017-11-06 14:26:05	2017-11-06 14:26:04	NULL	10881443	2017-11-07 18:20:04	6083842	21191891	12211491	12	12_2618_1509996365_2171170	ITEM_LISTING-12_2618_1509996365_2171170
12_2630_1509745786_13280	403523	f_8884353	14	3	NULL	NULL	153000000	0	NULL	2017-11-03 17:49:46	2017-11-03 17:49:45	NULL	0	2017-11-07 18:20:04	6083842	21197701	12216121	12	12_2630_1509745786_13280	ITEM_LISTING-12_2630_1509745786_13280
12_2633_1509726629_3735690	403523	f_8964743	14	3	NULL	NULL	4500000	0	NULL	2017-11-03 12:30:29	2017-11-03 12:30:29	NULL	f_29353	2017-11-07 18:20:04	6083842	21219491	12229301	12	12_2633_1509726629_3735690	ITEM_LISTING-12_2633_1509726629_3735690
12_2640_1509745961_22810	403523	f_8929643	14	3	NULL	NULL	2970000	0	NULL	2017-11-03 17:52:41	2017-11-03 17:52:41	NULL	0	2017-11-07 18:20:04	6083842	21197131	12215681	12	12_2640_1509745961_22810	ITEM_LISTING-12_2640_1509745961_22810
12_2661_1509732627_108560	403523	f_4587063	14	3	NULL	NULL	5700000	0	NULL	2017-11-03 14:10:27	2017-11-03 14:10:27	NULL	0	2017-11-07 18:20:04	6083842	21201381	12218701	12	12_2661_1509732627_108560	ITEM_LISTING-12_2661_1509732627_108560
12_2667_1509739215_451370	403523	f_759134	14	3	NULL	NULL	5660000	0	NULL	2017-11-03 16:00:15	2017-11-03 16:00:15	NULL	0	2017-11-07 18:20:04	6083842	21201281	12218611	12	12_2667_1509739215_451370	ITEM_LISTING-12_2667_1509739215_451370
12_2678_1509734768_201200	403523	f_6015053	14	3	NULL	NULL	5300000	0	NULL	2017-11-03 14:46:08	2017-11-03 14:46:08	NULL	0	2017-11-07 18:20:04	6083842	21202171	12219211	12	12_2678_1509734768_201200	ITEM_LISTING-12_2678_1509734768_201200
12_267_1509932580_13326720	403523	f_8980041	14	3	NULL	NULL	4090000	0	NULL	2017-11-05 20:43:00	2017-11-05 20:43:00	NULL	f_30173	2017-11-07 18:20:04	6083842	21192551	12211961	12	12_267_1509932580_13326720	ITEM_LISTING-12_267_1509932580_13326720
12_2710_1509997023_2469850	403523	f_3116402	14	3	NULL	NULL	152100000	1	NULL	2017-11-06 14:37:03	2017-11-06 14:37:03	NULL	10881443	2017-11-07 18:20:04	6083842	21193461	12212721	12	12_2710_1509997023_2469850	ITEM_LISTING-12_2710_1509997023_2469850
12_2715_1509741272_572450	403523	f_7930543	14	3	NULL	NULL	5430000	0	NULL	2017-11-03 16:34:32	2017-11-03 16:34:32	NULL	0	2017-11-07 18:20:04	6083842	21199621	12217591	12	12_2715_1509741272_572450	ITEM_LISTING-12_2715_1509741272_572450
12_276_1509466597_25630530	403523	f_7016063	14	3	NULL	NULL	153940000	1	NULL	2017-10-31 12:16:37	2017-10-31 12:16:37	NULL	f_10794	2017-11-07 18:20:04	6083842	21193221	12212541	12	12_276_1509466597_25630530	ITEM_LISTING-12_276_1509466597_25630530
12_276_1509466597_25630530	403523	f_7016063	14	3	NULL	NULL	153940000	1	NULL	2017-10-31 12:16:37	2017-10-31 12:16:37	NULL	f_10794	2017-11-07 18:20:04	6083842	21222631	12231561	12	12_276_1509466597_25630530	ITEM_LISTING-12_276_1509466597_25630530
12_2788_1509386324_20476400	403523	f_8888983	14	3	NULL	NULL	6200000	0	NULL	2017-10-30 13:58:44	2017-10-30 13:58:39	NULL	3663232	2017-11-07 18:20:04	6083842	21207231	12222231	12	12_2788_1509386324_20476400	ITEM_LISTING-12_2788_1509386324_20476400
12_2795_1509735840_249810	403523	f_6728783	14	3	NULL	NULL	4060000	0	NULL	2017-11-03 15:04:00	2017-11-03 15:03:59	NULL	0	2017-11-07 18:20:04	6083842	21207051	12222091	12	12_2795_1509735840_249810	ITEM_LISTING-12_2795_1509735840_249810
12_2802_1509702346_1297490	403523	f_8960203	14	3	NULL	NULL	4890000	0	NULL	2017-11-03 05:45:46	2017-11-03 05:45:46	NULL	f_13092	2017-11-07 18:20:04	6083842	21191601	12211261	12	12_2802_1509702346_1297490	ITEM_LISTING-12_2802_1509702346_1297490
12_2805_1509466447_25614130	403523	f_7719353	14	3	NULL	NULL	153960000	1	NULL	2017-10-31 12:14:07	2017-10-31 12:14:07	NULL	f_10794	2017-11-07 18:20:04	6083842	21207181	12222181	12	12_2805_1509466447_25614130	ITEM_LISTING-12_2805_1509466447_25614130
12_2821_1509949619_14232310	403523	f_8203413	14	3	NULL	NULL	2680000	1	NULL	2017-11-06 01:26:59	2017-11-06 01:26:59	NULL	f_26513	2017-11-07 18:20:04	6083842	21196951	12215541	12	12_2821_1509949619_14232310	ITEM_LISTING-12_2821_1509949619_14232310
12_2826_1509096591_8575980	403523	f_8873523	14	3	NULL	NULL	6040000	0	NULL	2017-10-27 05:29:51	2017-10-27 05:29:51	NULL	f_31013	2017-11-07 18:20:04	6083842	21206161	12221471	12	12_2826_1509096591_8575980	ITEM_LISTING-12_2826_1509096591_8575980
12_2833_1509807459_69690	403523	f_4670273	14	3	NULL	NULL	152860000	0	NULL	2017-11-04 10:57:39	2017-11-04 10:57:39	NULL	0	2017-11-07 18:20:04	6083842	21205081	12220841	12	12_2833_1509807459_69690	ITEM_LISTING-12_2833_1509807459_69690
12_2833_1509807459_69690	403523	f_4670273	14	3	NULL	NULL	152860000	0	NULL	2017-11-04 10:57:39	2017-11-04 10:57:39	NULL	0	2017-11-07 18:20:04	6083842	21221461	12230691	12	12_2833_1509807459_69690	ITEM_LISTING-12_2833_1509807459_69690
12_2839_1509987769_20215960	403523	f_8420993	14	3	NULL	NULL	2720000	1	NULL	2017-11-06 12:02:49	2017-11-06 12:02:49	NULL	f_29503	2017-11-07 18:20:04	6083842	21193591	12212851	12	12_2839_1509987769_20215960	ITEM_LISTING-12_2839_1509987769_20215960
12_2881_1509644120_35640050	403523	f_6195003	14	3	NULL	NULL	153840000	1	NULL	2017-11-02 13:35:20	2017-11-02 13:35:20	NULL	1748460	2017-11-07 18:20:04	6083842	21188521	12208671	12	12_2881_1509644120_35640050	ITEM_LISTING-12_2881_1509644120_35640050
12_2881_1509644120_35640050	403523	f_6195003	14	3	NULL	NULL	153840000	1	NULL	2017-11-02 13:35:20	2017-11-02 13:35:20	NULL	1748460	2017-11-07 18:20:04	6083842	21222531	12231501	12	12_2881_1509644120_35640050	ITEM_LISTING-12_2881_1509644120_35640050
12_2897_1509739768_475470	403523	f_7674333	14	3	NULL	NULL	5180000	0	NULL	2017-11-03 16:09:28	2017-11-03 16:09:28	NULL	0	2017-11-07 18:20:04	6083842	21198191	12216481	12	12_2897_1509739768_475470	ITEM_LISTING-12_2897_1509739768_475470
12_2930_1509744472_738330	403523	f_8623623	14	3	NULL	NULL	4020000	0	NULL	2017-11-03 17:27:52	2017-11-03 17:27:51	NULL	0	2017-11-07 18:20:04	6083842	21206831	12221951	12	12_2930_1509744472_738330	ITEM_LISTING-12_2930_1509744472_738330
12_2938_1509732390_98120	403523	f_4330523	14	3	NULL	NULL	5380000	0	NULL	2017-11-03 14:06:30	2017-11-03 14:06:29	NULL	0	2017-11-07 18:20:04	6083842	21198921	12217031	12	12_2938_1509732390_98120	ITEM_LISTING-12_2938_1509732390_98120
12_2940_1509981607_18316360	403523	f_6242073	14	3	NULL	NULL	3810000	1	NULL	2017-11-06 10:20:07	2017-11-06 10:20:07	NULL	f_23153	2017-11-07 18:20:04	6083842	21194761	12213781	12	12_2940_1509981607_18316360	ITEM_LISTING-12_2940_1509981607_18316360
12_2942_1509734509_189920	403523	f_5860923	14	3	NULL	NULL	153370000	0	NULL	2017-11-03 14:41:49	2017-11-03 14:41:48	NULL	0	2017-11-07 18:20:04	6083842	21205831	12221231	12	12_2942_1509734509_189920	ITEM_LISTING-12_2942_1509734509_189920
12_2942_1509734509_189920	403523	f_5860923	14	3	NULL	NULL	153370000	0	NULL	2017-11-03 14:41:49	2017-11-03 14:41:48	NULL	0	2017-11-07 18:20:04	6083842	21221961	12231081	12	12_2942_1509734509_189920	ITEM_LISTING-12_2942_1509734509_189920
12_2945_1509736278_269570	403523	f_6885363	14	3	NULL	NULL	2840000	0	NULL	2017-11-03 15:11:18	2017-11-03 15:11:18	NULL	0	2017-11-07 18:20:04	6083842	21194591	12213671	12	12_2945_1509736278_269570	ITEM_LISTING-12_2945_1509736278_269570
12_2972_1509744240_726500	403523	f_8575233	14	3	NULL	NULL	3870000	0	NULL	2017-11-03 17:24:00	2017-11-03 17:24:00	NULL	0	2017-11-07 18:20:04	6083842	21205221	12220911	12	12_2972_1509744240_726500	ITEM_LISTING-12_2972_1509744240_726500
12_2980_1509732628_108620	403523	f_4587113	14	3	NULL	NULL	5790000	0	NULL	2017-11-03 14:10:29	2017-11-03 14:10:28	NULL	0	2017-11-07 18:20:04	6083842	21201371	12218691	12	12_2980_1509732628_108620	ITEM_LISTING-12_2980_1509732628_108620
12_2981_1509728870_84610	403523	f_5783983	14	3	NULL	NULL	3240000	1	NULL	2017-11-03 13:07:50	2017-11-03 13:07:50	NULL	f_22963	2017-11-07 18:20:04	6083842	21198371	12216631	12	12_2981_1509728870_84610	ITEM_LISTING-12_2981_1509728870_84610
12_2989_1509982407_18480610	403523	f_6370963	14	3	NULL	NULL	3350000	1	NULL	2017-11-06 10:33:27	2017-11-06 10:33:27	NULL	f_24783	2017-11-07 18:20:04	6083842	21195611	12214441	12	12_2989_1509982407_18480610	ITEM_LISTING-12_2989_1509982407_18480610
12_2_1509996205_2055090	403523	f_8515333	14	3	NULL	NULL	5010000	1	NULL	2017-11-06 14:23:25	2017-11-06 14:23:25	NULL	10881443	2017-11-07 18:20:04	6083842	21192091	12211621	12	12_2_1509996205_2055090	ITEM_LISTING-12_2_1509996205_2055090
12_302_1509727656_3979760	403523	f_8110143	14	3	NULL	NULL	153630000	1	NULL	2017-11-03 12:47:36	2017-11-03 12:47:36	NULL	f_28553	2017-11-07 18:20:04	6083842	21192651	12212021	12	12_302_1509727656_3979760	ITEM_LISTING-12_302_1509727656_3979760
12_302_1509727656_3979760	403523	f_8110143	14	3	NULL	NULL	153630000	1	NULL	2017-11-03 12:47:36	2017-11-03 12:47:36	NULL	f_28553	2017-11-07 18:20:04	6083842	21222221	12231281	12	12_302_1509727656_3979760	ITEM_LISTING-12_302_1509727656_3979760
12_3032_1509856933_8413650	403523	f_7969203	14	3	NULL	NULL	152840000	1	NULL	2017-11-05 00:42:13	2017-11-05 00:42:12	NULL	f_27533	2017-11-07 18:20:04	6083842	21195771	12214601	12	12_3032_1509856933_8413650	ITEM_LISTING-12_3032_1509856933_8413650
12_3044_1509745787_13340	403523	f_8884383	14	3	NULL	NULL	152990000	0	NULL	2017-11-03 17:49:47	2017-11-03 17:49:46	NULL	0	2017-11-07 18:20:04	6083842	21197691	12216111	12	12_3044_1509745787_13340	ITEM_LISTING-12_3044_1509745787_13340
12_3045_1509738831_431170	403523	f_7515163	14	3	NULL	NULL	2610000	0	NULL	2017-11-03 15:53:51	2017-11-03 15:53:51	NULL	0	2017-11-07 18:20:04	6083842	21193151	12212471	12	12_3045_1509738831_431170	ITEM_LISTING-12_3045_1509738831_431170
12_3046_1509990809_178880	403523	f_2091802	14	3	NULL	NULL	4270000	1	NULL	2017-11-06 12:53:29	2017-11-06 12:53:29	NULL	f_12212	2017-11-07 18:20:04	6083842	21219131	12229121	12	12_3046_1509990809_178880	ITEM_LISTING-12_3046_1509990809_178880
12_3052_1509996205_2055210	403523	f_8491233	14	3	NULL	NULL	3100000	1	NULL	2017-11-06 14:23:25	2017-11-06 14:23:25	NULL	10881443	2017-11-07 18:20:04	6083842	21192121	12211641	12	12_3052_1509996205_2055210	ITEM_LISTING-12_3052_1509996205_2055210
12_3062_1509751691_3212450	403523	f_8829223	14	3	NULL	NULL	152910000	0	NULL	2017-11-03 19:28:11	2017-11-03 19:28:11	NULL	f_8060	2017-11-07 18:20:04	6083842	21188671	12208781	12	12_3062_1509751691_3212450	ITEM_LISTING-12_3062_1509751691_3212450
12_3070_1509581613_32880740	403523	f_8950963	14	3	NULL	NULL	5080000	0	NULL	2017-11-01 20:13:34	2017-11-01 20:13:33	NULL	f_8295	2017-11-07 18:20:04	6083842	21192711	12212071	12	12_3070_1509581613_32880740	ITEM_LISTING-12_3070_1509581613_32880740
12_3106_1509740892_550850	403523	f_7869793	14	3	NULL	NULL	153150000	0	NULL	2017-11-03 16:28:12	2017-11-03 16:28:11	NULL	0	2017-11-07 18:20:04	6083842	21198151	12216451	12	12_3106_1509740892_550850	ITEM_LISTING-12_3106_1509740892_550850
12_3106_1509740892_550850	403523	f_7869793	14	3	NULL	NULL	153150000	0	NULL	2017-11-03 16:28:12	2017-11-03 16:28:11	NULL	0	2017-11-07 18:20:04	6083842	21221771	12230931	12	12_3106_1509740892_550850	ITEM_LISTING-12_3106_1509740892_550850
12_3120_1509846311_8105550	403523	f_7805553	14	3	NULL	NULL	2940000	1	NULL	2017-11-04 21:45:11	2017-11-04 21:45:11	NULL	f_28053	2017-11-07 18:20:04	6083842	21195321	12214231	12	12_3120_1509846311_8105550	ITEM_LISTING-12_3120_1509846311_8105550
12_3128_1509991282_406030	403523	f_3386112	14	3	NULL	NULL	6050000	1	NULL	2017-11-06 13:01:22	2017-11-06 13:01:21	NULL	f_16392	2017-11-07 18:20:04	6083842	21206221	12221491	12	12_3128_1509991282_406030	ITEM_LISTING-12_3128_1509991282_406030
12_3181_1509441261_24242170	403523	f_8938903	14	3	NULL	NULL	154010000	0	NULL	2017-10-31 05:14:21	2017-10-31 05:14:21	NULL	f_9889	2017-11-07 18:20:04	6083842	21207201	12222201	12	12_3181_1509441261_24242170	ITEM_LISTING-12_3181_1509441261_24242170
12_3181_1509441261_24242170	403523	f_8938903	14	3	NULL	NULL	154010000	0	NULL	2017-10-31 05:14:21	2017-10-31 05:14:21	NULL	f_9889	2017-11-07 18:20:04	6083842	21222661	12231591	12	12_3181_1509441261_24242170	ITEM_LISTING-12_3181_1509441261_24242170
12_3189_1509726175_3698690	403523	f_8964533	14	3	NULL	NULL	4490000	0	NULL	2017-11-03 12:22:55	2017-11-03 12:22:54	NULL	f_29353	2017-11-07 18:20:04	6083842	21219511	12229321	12	12_3189_1509726175_3698690	ITEM_LISTING-12_3189_1509726175_3698690
12_319_1509740658_539150	403523	f_7818953	14	3	NULL	NULL	5390000	0	NULL	2017-11-03 16:24:18	2017-11-03 16:24:17	NULL	0	2017-11-07 18:20:04	6083842	21199081	12217171	12	12_319_1509740658_539150	ITEM_LISTING-12_319_1509740658_539150
12_3214_1509928247_13061220	403523	f_7922763	14	3	NULL	NULL	3770000	1	NULL	2017-11-05 19:30:47	2017-11-05 19:30:47	NULL	f_28063	2017-11-07 18:20:04	6083842	21195051	12214001	12	12_3214_1509928247_13061220	ITEM_LISTING-12_3214_1509928247_13061220
12_3216_1509985090_19266650	403523	f_7163223	14	3	NULL	NULL	152440000	1	NULL	2017-11-06 11:18:10	2017-11-06 11:18:09	NULL	f_25743	2017-11-07 18:20:04	6083842	21194361	12213451	12	12_3216_1509985090_19266650	ITEM_LISTING-12_3216_1509985090_19266650
12_3216_1509985090_19266650	403523	f_7163223	14	3	NULL	NULL	152440000	1	NULL	2017-11-06 11:18:10	2017-11-06 11:18:09	NULL	f_25743	2017-11-07 18:20:04	6083842	21221091	12230391	12	12_3216_1509985090_19266650	ITEM_LISTING-12_3216_1509985090_19266650
12_3229_1509961164_14960210	403523	f_7296363	14	3	NULL	NULL	3300000	0	NULL	2017-11-06 04:39:24	2017-11-06 04:39:24	NULL	f_27033	2017-11-07 18:20:04	6083842	21199021	12217131	12	12_3229_1509961164_14960210	ITEM_LISTING-12_3229_1509961164_14960210
12_3235_1509466448_25614170	403523	f_8616203	14	3	NULL	NULL	153950000	1	NULL	2017-10-31 12:14:08	2017-10-31 12:14:07	NULL	f_10794	2017-11-07 18:20:04	6083842	21193231	12212551	12	12_3235_1509466448_25614170	ITEM_LISTING-12_3235_1509466448_25614170
12_3235_1509466599_26011720	403523	f_6771163	14	3	NULL	NULL	4570000	1	NULL	2017-10-31 12:16:39	2017-10-31 12:16:39	NULL	f_10794	2017-11-07 18:20:04	6083842	21207191	12222191	12	12_3235_1509466599_26011720	ITEM_LISTING-12_3235_1509466599_26011720
12_3248_1509739977_505520	403523	f_7722543	14	3	NULL	NULL	153170000	0	NULL	2017-11-03 16:12:57	2017-11-03 16:12:57	NULL	0	2017-11-07 18:20:04	6083842	21197521	12215961	12	12_3248_1509739977_505520	ITEM_LISTING-12_3248_1509739977_505520
12_3252_1509993493_1126710	403523	f_8301693	14	3	NULL	NULL	5450000	1	NULL	2017-11-06 13:38:13	2017-11-06 13:38:12	NULL	f_28293	2017-11-07 18:20:04	6083842	21195521	12214361	12	12_3252_1509993493_1126710	ITEM_LISTING-12_3252_1509993493_1126710
12_3259_1509735230_221230	403523	f_6361303	14	3	NULL	NULL	5980000	0	NULL	2017-11-03 14:53:50	2017-11-03 14:53:49	NULL	0	2017-11-07 18:20:04	6083842	21204531	12220461	12	12_3259_1509735230_221230	ITEM_LISTING-12_3259_1509735230_221230
12_3268_1509996563_2275650	403523	f_5960963	14	3	NULL	NULL	4220000	1	NULL	2017-11-06 14:29:23	2017-11-06 14:29:23	NULL	10881443	2017-11-07 18:20:04	6083842	21218931	12228981	12	12_3268_1509996563_2275650	ITEM_LISTING-12_3268_1509996563_2275650
12_3271_1509729024_254780	403523	f_2340122	14	3	NULL	NULL	3220000	0	NULL	2017-11-03 13:10:24	2017-11-03 13:10:24	NULL	1748460	2017-11-07 18:20:04	6083842	21201431	12218751	12	12_3271_1509729024_254780	ITEM_LISTING-12_3271_1509729024_254780
12_3273_1509846310_8105510	403523	f_8200603	14	3	NULL	NULL	5850000	1	NULL	2017-11-04 21:45:10	2017-11-04 21:45:10	NULL	f_28053	2017-11-07 18:20:04	6083842	21195331	12214241	12	12_3273_1509846310_8105510	ITEM_LISTING-12_3273_1509846310_8105510
12_3284_1509740743_542890	403523	f_7843513	14	3	NULL	NULL	5360000	0	NULL	2017-11-03 16:25:43	2017-11-03 16:25:43	NULL	0	2017-11-07 18:20:04	6083842	21198761	12216891	12	12_3284_1509740743_542890	ITEM_LISTING-12_3284_1509740743_542890
12_3290_1509807504_71700	403523	f_6441693	14	3	NULL	NULL	3090000	0	NULL	2017-11-04 10:58:24	2017-11-04 10:58:24	NULL	0	2017-11-07 18:20:04	6083842	21204101	12220181	12	12_3290_1509807504_71700	ITEM_LISTING-12_3290_1509807504_71700
12_3296_1509811803_5947950	403523	f_8375163	14	3	NULL	NULL	6300000	1	NULL	2017-11-04 12:10:03	2017-11-04 12:10:02	NULL	0	2017-11-07 18:20:04	6083842	21190271	12210151	12	12_3296_1509811803_5947950	ITEM_LISTING-12_3296_1509811803_5947950
12_3309_1509994799_1625150	403523	f_8817013	14	3	NULL	NULL	2089989	1	NULL	2017-11-06 13:59:59	2017-11-06 13:59:59	NULL	10881443	2017-11-07 18:20:04	6083842	21188881	12208981	12	12_3309_1509994799_1625150	ITEM_LISTING-12_3309_1509994799_1625150
12_3312_1509998061_2949950	403523	f_8997651	14	3	NULL	NULL	152070000	0	NULL	2017-11-06 14:54:21	2017-11-06 14:54:21	NULL	f_29693	2017-11-07 18:20:04	6083842	21194691	12213731	12	12_3312_1509998061_2949950	ITEM_LISTING-12_3312_1509998061_2949950
12_3327_1509997024_2470680	403523	f_4789543	14	3	NULL	NULL	3200000	1	NULL	2017-11-06 14:37:04	2017-11-06 14:37:04	NULL	10881443	2017-11-07 18:20:04	6083842	21193371	12212681	12	12_3327_1509997024_2470680	ITEM_LISTING-12_3327_1509997024_2470680
12_339_1509883889_9365140	403523	f_8961483	14	3	NULL	NULL	152790000	0	NULL	2017-11-05 07:11:29	2017-11-05 07:11:29	NULL	f_28003	2017-11-07 18:20:04	6083842	21204981	12220791	12	12_339_1509883889_9365140	ITEM_LISTING-12_339_1509883889_9365140
12_339_1509883889_9365140	403523	f_8961483	14	3	NULL	NULL	152790000	0	NULL	2017-11-05 07:11:29	2017-11-05 07:11:29	NULL	f_28003	2017-11-07 18:20:04	6083842	21221331	12230591	12	12_339_1509883889_9365140	ITEM_LISTING-12_339_1509883889_9365140
12_34_1509741540_587200	403523	f_7983853	14	3	NULL	NULL	3520000	0	NULL	2017-11-03 16:39:00	2017-11-03 16:39:00	NULL	0	2017-11-07 18:20:04	6083842	21197741	12216161	12	12_34_1509741540_587200	ITEM_LISTING-12_34_1509741540_587200
12_361_1509742556_640040	403523	f_8178473	14	3	NULL	NULL	4800000	0	NULL	2017-11-03 16:55:56	2017-11-03 16:55:56	NULL	0	2017-11-07 18:20:04	6083842	21190301	12210181	12	12_361_1509742556_640040	ITEM_LISTING-12_361_1509742556_640040
12_361_1509745953_22420	403523	f_8927883	14	3	NULL	NULL	4190000	0	NULL	2017-11-03 17:52:33	2017-11-03 17:52:32	NULL	0	2017-11-07 18:20:04	6083842	21218781	12228891	12	12_361_1509745953_22420	ITEM_LISTING-12_361_1509745953_22420
12_371_1509996205_2112960	403523	f_8493093	14	3	NULL	NULL	3950000	1	NULL	2017-11-06 14:23:25	2017-11-06 14:23:24	NULL	10881443	2017-11-07 18:20:04	6083842	21192041	12211581	12	12_371_1509996205_2112960	ITEM_LISTING-12_371_1509996205_2112960
12_375_1509998388_3112340	403523	f_5184663	14	3	NULL	NULL	152040000	1	NULL	2017-11-06 14:59:48	2017-11-06 14:59:48	NULL	f_21353	2017-11-07 18:20:04	6083842	21195081	12214031	12	12_375_1509998388_3112340	ITEM_LISTING-12_375_1509998388_3112340
12_383_1509976176_17063380	403523	f_7275463	14	3	NULL	NULL	4860000	1	NULL	2017-11-06 08:49:36	2017-11-06 08:49:35	NULL	f_24393	2017-11-07 18:20:04	6083842	21191341	12211061	12	12_383_1509976176_17063380	ITEM_LISTING-12_383_1509976176_17063380
12_409_1509881626_9243170	403523	f_8976871	14	3	NULL	NULL	152810000	0	NULL	2017-11-05 06:33:46	2017-11-05 06:33:46	NULL	f_16392	2017-11-07 18:20:04	6083842	21206301	12221551	12	12_409_1509881626_9243170	ITEM_LISTING-12_409_1509881626_9243170
12_409_1509881626_9243170	403523	f_8976871	14	3	NULL	NULL	152810000	0	NULL	2017-11-05 06:33:46	2017-11-05 06:33:46	NULL	f_16392	2017-11-07 18:20:04	6083842	21221351	12230611	12	12_409_1509881626_9243170	ITEM_LISTING-12_409_1509881626_9243170
12_40_1509994292_1412640	403523	f_7523213	14	3	NULL	NULL	4000000	1	NULL	2017-11-06 13:51:32	2017-11-06 13:51:31	NULL	f_27463	2017-11-07 18:20:04	6083842	21206441	12221631	12	12_40_1509994292_1412640	ITEM_LISTING-12_40_1509994292_1412640
12_41_1509742480_636090	403523	f_8165993	14	3	NULL	NULL	5590000	0	NULL	2017-11-03 16:54:40	2017-11-03 16:54:40	NULL	0	2017-11-07 18:20:04	6083842	21195941	12214711	12	12_41_1509742480_636090	ITEM_LISTING-12_41_1509742480_636090
12_422_1509995183_1684100	403523	f_5259833	14	3	NULL	NULL	152310000	1	NULL	2017-11-06 14:06:23	2017-11-06 14:06:22	NULL	f_14842	2017-11-07 18:20:04	6083842	21188801	12208901	12	12_422_1509995183_1684100	ITEM_LISTING-12_422_1509995183_1684100
12_425_1509974657_16783270	403523	f_6786011	14	3	NULL	NULL	2820000	1	NULL	2017-11-06 08:24:17	2017-11-06 08:24:17	NULL	f_25553	2017-11-07 18:20:04	6083842	21194951	12213911	12	12_425_1509974657_16783270	ITEM_LISTING-12_425_1509974657_16783270
12_434_1509891410_9727590	403523	f_8241613	14	3	NULL	NULL	152780000	1	NULL	2017-11-05 09:16:50	2017-11-05 09:16:50	NULL	f_21493	2017-11-07 18:20:04	6083842	21194441	12213531	12	12_434_1509891410_9727590	ITEM_LISTING-12_434_1509891410_9727590
12_434_1509891410_9727590	403523	f_8241613	14	3	NULL	NULL	152780000	1	NULL	2017-11-05 09:16:50	2017-11-05 09:16:50	NULL	f_21493	2017-11-07 18:20:04	6083842	21221321	12230581	12	12_434_1509891410_9727590	ITEM_LISTING-12_434_1509891410_9727590
12_435_1509722470_3073850	403523	f_7744103	14	3	NULL	NULL	153680000	1	NULL	2017-11-03 11:21:10	2017-11-03 11:21:10	NULL	f_27853	2017-11-07 18:20:04	6083842	21196441	12215151	12	12_435_1509722470_3073850	ITEM_LISTING-12_435_1509722470_3073850
12_437_1509660772_328420	403523	f_5529053	14	3	NULL	NULL	153750000	1	NULL	2017-11-02 18:12:52	2017-11-02 18:12:52	NULL	f_21743	2017-11-07 18:20:04	6083842	21198481	12216691	12	12_437_1509660772_328420	ITEM_LISTING-12_437_1509660772_328420
12_44_1509483837_27226430	403523	f_6514363	14	3	NULL	NULL	153930000	1	NULL	2017-10-31 17:03:57	2017-10-31 17:03:56	NULL	f_25043	2017-11-07 18:20:04	6083842	21190991	12210791	12	12_44_1509483837_27226430	ITEM_LISTING-12_44_1509483837_27226430
12_44_1509483837_27226430	403523	f_6514363	14	3	NULL	NULL	153930000	1	NULL	2017-10-31 17:03:57	2017-10-31 17:03:56	NULL	f_25043	2017-11-07 18:20:04	6083842	21222621	12231551	12	12_44_1509483837_27226430	ITEM_LISTING-12_44_1509483837_27226430
12_46_1509989590_20817640	403523	f_7933023	14	3	NULL	NULL	5120000	1	NULL	2017-11-06 12:33:10	2017-11-06 12:33:10	NULL	f_28293	2017-11-07 18:20:04	6083842	21195591	12214421	12	12_46_1509989590_20817640	ITEM_LISTING-12_46_1509989590_20817640
12_46_1509989590_20817640	403523	f_7933023	14	3	NULL	NULL	5120000	1	NULL	2017-11-06 12:33:10	2017-11-06 12:33:10	NULL	f_28293	2017-11-07 18:20:04	6083842	21221071	12230371	12	12_46_1509989590_20817640	ITEM_LISTING-12_46_1509989590_20817640
12_475_1509728852_82960	403523	f_5787953	14	3	NULL	NULL	3250000	1	NULL	2017-11-03 13:07:32	2017-11-03 13:07:32	NULL	f_22963	2017-11-07 18:20:04	6083842	21198381	12216641	12	12_475_1509728852_82960	ITEM_LISTING-12_475_1509728852_82960
12_49_1509739494_462280	403523	f_7614673	14	3	NULL	NULL	153210000	0	NULL	2017-11-03 16:04:54	2017-11-03 16:04:54	NULL	0	2017-11-07 18:20:04	6083842	21193131	12212451	12	12_49_1509739494_462280	ITEM_LISTING-12_49_1509739494_462280
12_507_1509882501_9328830	403523	f_8969761	14	3	NULL	NULL	4080000	0	NULL	2017-11-05 06:48:21	2017-11-05 06:48:21	NULL	f_28003	2017-11-07 18:20:04	6083842	21189341	12209301	12	12_507_1509882501_9328830	ITEM_LISTING-12_507_1509882501_9328830
12_508_1509722291_3082840	403523	f_8961563	14	3	NULL	NULL	4620000	0	NULL	2017-11-03 11:18:11	2017-11-03 11:18:10	NULL	f_31243	2017-11-07 18:20:04	6083842	21219671	12229401	12	12_508_1509722291_3082840	ITEM_LISTING-12_508_1509722291_3082840
12_52_1509737707_334480	403523	f_7268803	14	3	NULL	NULL	153290000	0	NULL	2017-11-03 15:35:07	2017-11-03 15:35:06	NULL	0	2017-11-07 18:20:04	6083842	21187411	12207831	12	12_52_1509737707_334480	ITEM_LISTING-12_52_1509737707_334480
12_52_1509737707_334480	403523	f_7268803	14	3	NULL	NULL	153290000	0	NULL	2017-11-03 15:35:07	2017-11-03 15:35:06	NULL	0	2017-11-07 18:20:04	6083842	21221891	12231011	12	12_52_1509737707_334480	ITEM_LISTING-12_52_1509737707_334480
12_582_1509891412_9704090	403523	f_5945363	14	3	NULL	NULL	2089920	1	NULL	2017-11-05 09:16:52	2017-11-05 09:16:51	NULL	f_21493	2017-11-07 18:20:04	6083842	21194401	12213491	12	12_582_1509891412_9704090	ITEM_LISTING-12_582_1509891412_9704090
12_583_1509632427_34041460	403523	f_7370453	14	3	NULL	NULL	153850000	0	NULL	2017-11-02 10:20:27	2017-11-02 10:20:27	NULL	f_26973	2017-11-07 18:20:04	6083842	21207151	12222161	12	12_583_1509632427_34041460	ITEM_LISTING-12_583_1509632427_34041460
12_592_1509739959_504600	403523	f_7718143	14	3	NULL	NULL	153180000	0	NULL	2017-11-03 16:12:39	2017-11-03 16:12:39	NULL	0	2017-11-07 18:20:04	6083842	21203741	12220021	12	12_592_1509739959_504600	ITEM_LISTING-12_592_1509739959_504600
12_623_1509739036_442980	403523	f_7551463	14	3	NULL	NULL	153230000	0	NULL	2017-11-03 15:57:16	2017-11-03 15:57:16	NULL	0	2017-11-07 18:20:04	6083842	21197791	12216201	12	12_623_1509739036_442980	ITEM_LISTING-12_623_1509739036_442980
12_623_1509739036_442980	403523	f_7551463	14	3	NULL	NULL	153230000	0	NULL	2017-11-03 15:57:16	2017-11-03 15:57:16	NULL	0	2017-11-07 18:20:04	6083842	21221861	12230981	12	12_623_1509739036_442980	ITEM_LISTING-12_623_1509739036_442980
12_642_1509949572_14269760	403523	f_7401673	14	3	NULL	NULL	5640000	1	NULL	2017-11-06 01:26:12	2017-11-06 01:26:11	NULL	f_26513	2017-11-07 18:20:04	6083842	21196981	12215571	12	12_642_1509949572_14269760	ITEM_LISTING-12_642_1509949572_14269760
12_667_1509989590_20817470	403523	f_7872273	14	3	NULL	NULL	5490000	1	NULL	2017-11-06 12:33:10	2017-11-06 12:33:09	NULL	f_28293	2017-11-07 18:20:04	6083842	21195601	12214431	12	12_667_1509989590_20817470	ITEM_LISTING-12_667_1509989590_20817470
12_676_1509644120_35640090	403523	f_6211033	14	3	NULL	NULL	6140000	1	NULL	2017-11-02 13:35:20	2017-11-02 13:35:20	NULL	1748460	2017-11-07 18:20:04	6083842	21190921	12210721	12	12_676_1509644120_35640090	ITEM_LISTING-12_676_1509644120_35640090
12_688_1509981606_18266400	403523	f_7649483	14	3	NULL	NULL	152520000	1	NULL	2017-11-06 10:20:06	2017-11-06 10:20:06	NULL	f_23153	2017-11-07 18:20:04	6083842	21194881	12213841	12	12_688_1509981606_18266400	ITEM_LISTING-12_688_1509981606_18266400
12_688_1509981606_18266400	403523	f_7649483	14	3	NULL	NULL	152520000	1	NULL	2017-11-06 10:20:06	2017-11-06 10:20:06	NULL	f_23153	2017-11-07 18:20:04	6083842	21221131	12230431	12	12_688_1509981606_18266400	ITEM_LISTING-12_688_1509981606_18266400
12_73_1509734795_202360	403523	f_6021613	14	3	NULL	NULL	3860000	0	NULL	2017-11-03 14:46:35	2017-11-03 14:46:35	NULL	0	2017-11-07 18:20:04	6083842	21204561	12220491	12	12_73_1509734795_202360	ITEM_LISTING-12_73_1509734795_202360
12_747_1509466446_25614080	403523	f_8616293	14	3	NULL	NULL	153980000	1	NULL	2017-10-31 12:14:06	2017-10-31 12:14:06	NULL	f_10794	2017-11-07 18:20:04	6083842	21193271	12212591	12	12_747_1509466446_25614080	ITEM_LISTING-12_747_1509466446_25614080
12_774_1509982406_18480580	403523	f_6370273	14	3	NULL	NULL	5750000	1	NULL	2017-11-06 10:33:26	2017-11-06 10:33:26	NULL	f_24783	2017-11-07 18:20:04	6083842	21195631	12214461	12	12_774_1509982406_18480580	ITEM_LISTING-12_774_1509982406_18480580
12_801_1509466447_25614110	403523	f_8615823	14	3	NULL	NULL	3710000	1	NULL	2017-10-31 12:14:07	2017-10-31 12:14:07	NULL	f_10794	2017-11-07 18:20:04	6083842	21193251	12212571	12	12_801_1509466447_25614110	ITEM_LISTING-12_801_1509466447_25614110
12_84_1509729923_478470	403523	f_8098053	14	3	NULL	NULL	2089979	1	NULL	2017-11-03 13:25:23	2017-11-03 13:25:23	NULL	f_28433	2017-11-07 18:20:04	6083842	21190771	12210591	12	12_84_1509729923_478470	ITEM_LISTING-12_84_1509729923_478470
12_84_1509735675_241570	403523	f_6669863	14	3	NULL	NULL	153330000	0	NULL	2017-11-03 15:01:15	2017-11-03 15:01:14	NULL	0	2017-11-07 18:20:04	6083842	21205771	12221171	12	12_84_1509735675_241570	ITEM_LISTING-12_84_1509735675_241570
12_84_1509735675_241570	403523	f_6669863	14	3	NULL	NULL	153330000	0	NULL	2017-11-03 15:01:15	2017-11-03 15:01:14	NULL	0	2017-11-07 18:20:04	6083842	21221921	12231041	12	12_84_1509735675_241570	ITEM_LISTING-12_84_1509735675_241570
12_904_1509996560_2273230	403523	f_7822473	14	3	NULL	NULL	152200000	1	NULL	2017-11-06 14:29:20	2017-11-06 14:29:20	NULL	10881443	2017-11-07 18:20:04	6083842	21218971	12229011	12	12_904_1509996560_2273230	ITEM_LISTING-12_904_1509996560_2273230
12_904_1509996560_2273230	403523	f_7822473	14	3	NULL	NULL	152200000	1	NULL	2017-11-06 14:29:20	2017-11-06 14:29:20	NULL	10881443	2017-11-07 18:20:04	6083842	21220871	12230201	12	12_904_1509996560_2273230	ITEM_LISTING-12_904_1509996560_2273230
12_908_1509982405_18439200	403523	f_8102533	14	3	NULL	NULL	152500000	1	NULL	2017-11-06 10:33:25	2017-11-06 10:33:24	NULL	f_24783	2017-11-07 18:20:04	6083842	21195651	12214481	12	12_908_1509982405_18439200	ITEM_LISTING-12_908_1509982405_18439200
12_909_1509644120_36218860	403523	f_6210993	14	3	NULL	NULL	5540000	1	NULL	2017-11-02 13:35:20	2017-11-02 13:35:19	NULL	1748460	2017-11-07 18:20:04	6083842	21190871	12210681	12	12_909_1509644120_36218860	ITEM_LISTING-12_909_1509644120_36218860
12_924_1509990899_200910	403523	f_2106482	14	3	NULL	NULL	4610000	1	NULL	2017-11-06 12:54:59	2017-11-06 12:54:59	NULL	f_12212	2017-11-07 18:20:04	6083842	21219081	12229081	12	12_924_1509990899_200910	ITEM_LISTING-12_924_1509990899_200910
12_924_1509996203_2111490	403523	f_6075863	14	3	NULL	NULL	2057499	1	NULL	2017-11-06 14:23:23	2017-11-06 14:23:22	NULL	10881443	2017-11-07 18:20:04	6083842	21192231	12211741	12	12_924_1509996203_2111490	ITEM_LISTING-12_924_1509996203_2111490
12_944_1509394405_22971360	403523	f_5053263	14	3	NULL	NULL	3530000	1	NULL	2017-10-30 16:13:25	2017-10-30 16:13:25	NULL	f_20343	2017-11-07 18:20:04	6083842	21197971	12216321	12	12_944_1509394405_22971360	ITEM_LISTING-12_944_1509394405_22971360
12_966_1509740802_546000	403523	f_7858023	14	3	NULL	NULL	5200000	0	NULL	2017-11-03 16:26:42	2017-11-03 16:26:41	NULL	0	2017-11-07 18:20:04	6083842	21204181	12220241	12	12_966_1509740802_546000	ITEM_LISTING-12_966_1509740802_546000
12_977_1509982404_18479540	403523	f_8612943	14	3	NULL	NULL	3820000	1	NULL	2017-11-06 10:33:24	2017-11-06 10:33:23	NULL	f_24783	2017-11-07 18:20:04	6083842	21195691	12214521	12	12_977_1509982404_18479540	ITEM_LISTING-12_977_1509982404_18479540
12_996_1509742297_626250	403523	f_8122923	14	3	NULL	NULL	153090000	0	NULL	2017-11-03 16:51:37	2017-11-03 16:51:36	NULL	0	2017-11-07 18:20:04	6083842	21188441	12208601	12	12_996_1509742297_626250	ITEM_LISTING-12_996_1509742297_626250
12_996_1509742297_626250	403523	f_8122923	14	3	NULL	NULL	153090000	0	NULL	2017-11-03 16:51:37	2017-11-03 16:51:36	NULL	0	2017-11-07 18:20:04	6083842	21221671	12230861	12	12_996_1509742297_626250	ITEM_LISTING-12_996_1509742297_626250
12_998_1509991273_331940	403523	f_8581103	14	3	NULL	NULL	4180000	1	NULL	2017-11-06 13:01:13	2017-11-06 13:01:12	NULL	f_29653	2017-11-07 18:20:04	6083842	21218701	12228841	12	12_998_1509991273_331940	ITEM_LISTING-12_998_1509991273_331940